building_id,anomaly_event_id,anomaly_type,start,end,duration_hours,original_mean,injected_mean
Robin_public_Cami,Robin_public_Cami_CX_18,contextual_after_hours,2016-12-24 00:00:00,2016-12-24 05:00:00,6,35.083333333333336,63.63122745343768
Robin_public_Cami,Robin_public_Cami_CX_19,contextual_after_hours,2016-12-04 00:00:00,2016-12-04 05:00:00,6,48.291666666666664,79.0932635584834
Robin_public_Cami,Robin_public_Cami_DR_14,gradual_drift,2016-11-25 12:00:00,2016-11-26 11:00:00,24,71.125,90.58722731073009
Robin_public_Cami,Robin_public_Cami_DR_15,gradual_drift,2016-12-06 19:00:00,2016-12-07 18:00:00,24,70.8125,95.0657033099318
Robin_public_Cami,Robin_public_Cami_SH_11,persistent_shift,2016-12-28 10:00:00,2016-12-28 21:00:00,12,42.166666666666664,11.44347270036476
Robin_public_Cami,Robin_public_Cami_SH_12,persistent_shift,2016-11-08 22:00:00,2016-11-09 09:00:00,12,68.14583333333333,99.01284987331837
Robin_public_Cami,Robin_public_Cami_SH_13,persistent_shift,2016-12-18 12:00:00,2016-12-18 23:00:00,12,44.125,9.957393478494701
Robin_public_Cami,Robin_public_Cami_SP_01,spike,2016-12-04 15:00:00,2016-12-04 15:00:00,1,81.0,0.01
Robin_public_Cami,Robin_public_Cami_SP_02,spike,2016-12-23 02:00:00,2016-12-23 02:00:00,1,42.25,0.01
Robin_public_Cami,Robin_public_Cami_SP_03,spike,2016-11-09 11:00:00,2016-11-09 11:00:00,1,93.75,161.26956539132254
Robin_public_Cami,Robin_public_Cami_SP_04,spike,2016-12-08 15:00:00,2016-12-08 15:00:00,1,87.5,144.6002057326762
Robin_public_Cami,Robin_public_Cami_SP_05,spike,2016-12-12 16:00:00,2016-12-12 16:00:00,1,90.5,21.82674091431234
Robin_public_Cami,Robin_public_Cami_SP_06,spike,2016-12-02 13:00:00,2016-12-02 13:00:00,1,85.0,173.7666718722933
Robin_public_Cami,Robin_public_Cami_SP_07,spike,2016-11-08 04:00:00,2016-11-08 04:00:00,1,61.0,138.26079592977047
Robin_public_Cami,Robin_public_Cami_SP_08,spike,2016-11-22 05:00:00,2016-11-22 05:00:00,1,56.0,0.01
Robin_public_Cami,Robin_public_Cami_SP_09,spike,2016-11-29 00:00:00,2016-11-29 00:00:00,1,60.5,0.01
Robin_public_Cami,Robin_public_Cami_SP_10,spike,2016-12-09 07:00:00,2016-12-09 07:00:00,1,50.0,144.82858440395893
Robin_public_Cami,Robin_public_Cami_ST_16,stuck,2016-12-01 15:00:00,2016-12-02 02:00:00,12,71.10416666666667,91.25
Robin_public_Cami,Robin_public_Cami_ST_17,stuck,2016-12-10 06:00:00,2016-12-10 17:00:00,12,66.85416666666667,56.5
Bear_public_Valorie,Bear_public_Valorie_CX_18,contextual_after_hours,2016-12-12 00:00:00,2016-12-12 05:00:00,6,181.95833333333334,367.6625393528472
Bear_public_Valorie,Bear_public_Valorie_CX_19,contextual_after_hours,2016-12-08 00:00:00,2016-12-08 05:00:00,6,175.0,396.4467950983055
Bear_public_Valorie,Bear_public_Valorie_DR_14,gradual_drift,2016-12-18 11:00:00,2016-12-19 10:00:00,24,99.96875,17.00436212855752
Bear_public_Valorie,Bear_public_Valorie_DR_15,gradual_drift,2016-11-14 23:00:00,2016-11-15 22:00:00,24,213.82708333333335,318.83337262648905
Bear_public_Valorie,Bear_public_Valorie_SH_11,persistent_shift,2016-12-06 19:00:00,2016-12-07 06:00:00,12,198.5,0.01860080120594063
Bear_public_Valorie,Bear_public_Valorie_SH_12,persistent_shift,2016-11-23 11:00:00,2016-11-23 22:00:00,12,213.70833333333334,414.14046755769874
Bear_public_Valorie,Bear_public_Valorie_SH_13,persistent_shift,2016-11-22 03:00:00,2016-11-22 14:00:00,12,166.85165,33.11841068436073
Bear_public_Valorie,Bear_public_Valorie_SP_01,spike,2016-11-29 07:00:00,2016-11-29 07:00:00,1,146.0,596.6945854509281
Bear_public_Valorie,Bear_public_Valorie_SP_02,spike,2016-11-21 04:00:00,2016-11-21 04:00:00,1,64.25,0.01
Bear_public_Valorie,Bear_public_Valorie_SP_03,spike,2016-12-21 19:00:00,2016-12-21 19:00:00,1,97.0,0.01
Bear_public_Valorie,Bear_public_Valorie_SP_04,spike,2016-12-13 12:00:00,2016-12-13 12:00:00,1,262.25,541.2036266401253
Bear_public_Valorie,Bear_public_Valorie_SP_05,spike,2016-11-11 22:00:00,2016-11-11 22:00:00,1,216.0,637.7728510861772
Bear_public_Valorie,Bear_public_Valorie_SP_06,spike,2016-12-06 10:00:00,2016-12-06 10:00:00,1,235.25,0.01
Bear_public_Valorie,Bear_public_Valorie_SP_07,spike,2016-11-13 18:00:00,2016-11-13 18:00:00,1,295.0902,606.6673585900385
Bear_public_Valorie,Bear_public_Valorie_SP_08,spike,2016-12-13 10:00:00,2016-12-13 10:00:00,1,254.0,684.5842674927098
Bear_public_Valorie,Bear_public_Valorie_SP_09,spike,2016-12-30 05:00:00,2016-12-30 05:00:00,1,42.75,0.01
Bear_public_Valorie,Bear_public_Valorie_SP_10,spike,2016-11-15 23:00:00,2016-11-15 23:00:00,1,226.75,539.4766330453072
Bear_public_Valorie,Bear_public_Valorie_ST_16,stuck,2016-12-01 18:00:00,2016-12-02 05:00:00,12,175.77083333333334,235.5
Bear_public_Valorie,Bear_public_Valorie_ST_17,stuck,2016-11-17 06:00:00,2016-11-17 17:00:00,12,210.9375,123.25
Hog_public_Gerard,Hog_public_Gerard_CX_18,contextual_after_hours,2016-12-04 00:00:00,2016-12-04 05:00:00,6,37.75566666666666,76.03170209906939
Hog_public_Gerard,Hog_public_Gerard_CX_19,contextual_after_hours,2016-11-09 00:00:00,2016-11-09 05:00:00,6,45.032333333333334,101.06820844335721
Hog_public_Gerard,Hog_public_Gerard_DR_14,gradual_drift,2016-11-13 20:00:00,2016-11-14 19:00:00,24,68.293625,98.7534733369439
Hog_public_Gerard,Hog_public_Gerard_DR_15,gradual_drift,2016-11-16 12:00:00,2016-11-17 11:00:00,24,70.205375,43.17718593940668
Hog_public_Gerard,Hog_public_Gerard_SH_11,persistent_shift,2016-11-09 11:00:00,2016-11-09 22:00:00,12,90.94275,132.9696987679757
Hog_public_Gerard,Hog_public_Gerard_SH_12,persistent_shift,2016-11-29 22:00:00,2016-11-30 09:00:00,12,49.067083333333336,13.913175544804359
Hog_public_Gerard,Hog_public_Gerard_SH_13,persistent_shift,2016-11-15 11:00:00,2016-11-15 22:00:00,12,91.5055,40.29609438156853
Hog_public_Gerard,Hog_public_Gerard_SP_01,spike,2016-12-27 12:00:00,2016-12-27 12:00:00,1,80.922,176.58085567352055
Hog_public_Gerard,Hog_public_Gerard_SP_02,spike,2016-12-15 18:00:00,2016-12-15 18:00:00,1,94.422,194.42865164304698
Hog_public_Gerard,Hog_public_Gerard_SP_03,spike,2016-12-05 23:00:00,2016-12-05 23:00:00,1,50.761,141.9932040030316
Hog_public_Gerard,Hog_public_Gerard_SP_04,spike,2016-12-08 08:00:00,2016-12-08 08:00:00,1,67.654,156.17650168665676
Hog_public_Gerard,Hog_public_Gerard_SP_05,spike,2016-12-17 01:00:00,2016-12-17 01:00:00,1,40.526,144.4419083803141
Hog_public_Gerard,Hog_public_Gerard_SP_06,spike,2016-12-07 22:00:00,2016-12-07 22:00:00,1,67.07,162.8356491172193
Hog_public_Gerard,Hog_public_Gerard_SP_07,spike,2016-12-18 21:00:00,2016-12-18 21:00:00,1,95.08,164.63489319074603
Hog_public_Gerard,Hog_public_Gerard_SP_08,spike,2016-12-05 02:00:00,2016-12-05 02:00:00,1,41.76,0.01
Hog_public_Gerard,Hog_public_Gerard_SP_09,spike,2016-12-21 14:00:00,2016-12-21 14:00:00,1,91.285,0.01
Hog_public_Gerard,Hog_public_Gerard_SP_10,spike,2016-12-06 04:00:00,2016-12-06 04:00:00,1,46.00899999999999,0.01
Hog_public_Gerard,Hog_public_Gerard_ST_16,stuck,2016-12-24 16:00:00,2016-12-25 03:00:00,12,41.50466666666667,41.408
Hog_public_Gerard,Hog_public_Gerard_ST_17,stuck,2016-12-29 09:00:00,2016-12-29 20:00:00,12,82.14216666666667,87.109
