start,end_exclusive,observations,mean_electricity_completeness,min_electricity_completeness,mean_weather_quality,min_weather_quality,overall_score,Robin_public_Cami_electricity_completeness,Bear_public_Valorie_electricity_completeness,Hog_public_Gerard_electricity_completeness,Robin_weather_quality,Bear_weather_quality,Hog_weather_quality
2016-07-01,2017-01-01,4416,1.0,1.0,0.9431208527916531,0.9213462540271333,0.9739821513019833,1.0,1.0,1.0,0.9213462540271333,0.9552989130434782,0.9527173913043478
2016-08-01,2017-02-01,4416,1.0,1.0,0.9413209571865243,0.9234420382262394,0.973846545030567,1.0,1.0,1.0,0.9234420382262394,0.9503849637681159,0.9501358695652173
2017-05-01,2017-11-01,4416,1.0,1.0,0.9446351374413297,0.9177247986387587,0.9738175041561462,1.0,1.0,1.0,0.9177247986387587,0.9627038043478261,0.9534768093374038
2016-06-01,2016-12-01,4392,1.0,1.0,0.9441819719615553,0.9182959727933844,0.9737898889093964,1.0,1.0,1.0,0.9182959727933844,0.958183473708172,0.9560664693831095
2017-06-01,2017-12-01,4392,1.0,1.0,0.9438003473963512,0.9178673248618106,0.9736301855783593,1.0,1.0,1.0,0.9178673248618106,0.9599134987480082,0.9536202185792348
2016-04-01,2016-10-01,4392,1.0,1.0,0.9435895906549217,0.9179955479210493,0.9735967298518877,1.0,1.0,1.0,0.9179955479210493,0.9578324225865209,0.9549408014571948
2016-05-01,2016-11-01,4416,1.0,1.0,0.9437801932367149,0.9176177536231884,0.973587711352657,1.0,1.0,1.0,0.9176177536231884,0.9572690217391304,0.9564538043478261
2017-04-01,2017-10-01,4392,1.0,1.0,0.9428502794105619,0.9184870859548185,0.9734856327458632,1.0,1.0,1.0,0.9184870859548185,0.9576502732240437,0.9524134790528234
2017-03-01,2017-09-01,4416,0.9999245169082126,0.9997735507246377,0.9418934457335699,0.9189079189789032,0.9732265178792617,1.0,0.9997735507246377,1.0,0.9189079189789032,0.9571234684540516,0.9496489497677548
2017-02-01,2017-08-01,4344,0.9999232658072437,0.9997697974217311,0.9408473670507228,0.9172922208384271,0.9727212672764127,1.0,0.9997697974217311,1.0,0.9172922208384271,0.954892957656295,0.9503569226574462
2016-03-01,2016-09-01,4416,0.9999245169082126,0.9997735507246377,0.9408009662939664,0.9171706845106025,0.9726928128491157,1.0,0.9997735507246377,1.0,0.9171706845106025,0.9527293574687741,0.9525028569025227
2016-09-01,2017-03-01,4344,1.0,1.0,0.9387126230735809,0.9200052725356599,0.9726789466487442,1.0,1.0,1.0,0.9200052725356599,0.9474907918968692,0.9486418047882136
2017-01-01,2017-07-01,4344,0.9999232658072437,0.9997697974217311,0.9389010133893096,0.9200186675677497,0.9726436458704578,1.0,0.9997697974217311,1.0,0.9200186675677497,0.948745133571561,0.9479392390286183
2016-11-01,2017-05-01,4344,0.9999232658072437,0.9997697974217311,0.9372254080875079,0.9210936246303386,0.9723859881043958,1.0,0.9997697974217311,1.0,0.9210936246303386,0.9447386864152174,0.9458439132169674
2016-12-01,2017-06-01,4368,0.9999236874236873,0.9997710622710623,0.9372363958435512,0.9203667881374067,0.972280173347555,1.0,0.9997710622710623,1.0,0.9203667881374067,0.9467018914052812,0.9446405079879656
2016-10-01,2017-04-01,4368,0.9999236874236873,0.9997710622710623,0.9375682515131971,0.9196431037638348,0.9722545846089307,1.0,0.9997710622710623,1.0,0.9196431037638348,0.9449965913599414,0.9480650594158151
2016-02-01,2016-08-01,4368,0.9999236874236873,0.9997710622710623,0.9387194073768382,0.9132728937728938,0.9715868420761998,1.0,0.9997710622710623,1.0,0.9132728937728938,0.9538127122667426,0.949072616090878
2016-01-01,2016-07-01,4368,0.9999236874236873,0.9997710622710623,0.9355829283680409,0.9138016294050777,0.970882032668828,1.0,0.9997710622710623,1.0,0.9138016294050777,0.9464850273571936,0.9464621283418513
