building_id,model,threshold,precision,recall,f1,auroc,auprc,specificity,false_positive_rate,tp,fp,tn,fn,training_time_s,inference_time_s
Robin_public_Cami,Isolation Forest,0.0727732255844122,0.3489208633093525,0.7461538461538462,0.47549019607843135,0.8476809022937524,0.5121132707057549,0.8509060955518946,0.14909390444810544,97,181,1033,33,0.7364291000003504,0.02844459999960236
Robin_public_Cami,LOF,-0.3036017908647338,0.4146341463414634,0.7846153846153846,0.5425531914893617,0.878370928906349,0.6625662455181462,0.8813838550247117,0.1186161449752883,102,144,1070,28,0.07826419999946665,0.054768399999375106
Robin_public_Cami,Autoencoder,1.599900722503662,0.3925233644859813,0.6461538461538462,0.4883720930232558,0.8107876061335698,0.6281371322511045,0.8929159802306426,0.1070840197693575,84,130,1084,46,4.416415800000323,0.0008611000002929359
Bear_public_Valorie,Isolation Forest,0.06749386122359483,0.2824074074074074,0.46923076923076923,0.35260115606936415,0.7605690026612597,0.211198818896898,0.872322899505766,0.12767710049423395,61,155,1059,69,0.8421460000008665,0.03621560000010504
Bear_public_Valorie,LOF,-0.3112083256222699,0.3287037037037037,0.5461538461538461,0.41040462427745666,0.7694145228741605,0.30038803477160986,0.8805601317957167,0.11943986820428336,71,145,1069,59,0.09315070000047854,0.06347079999977723
Bear_public_Valorie,Autoencoder,0.8520205020904541,0.12857142857142856,0.13846153846153847,0.13333333333333333,0.670225573438094,0.19099247045629975,0.899505766062603,0.10049423393739704,18,122,1092,112,4.4474098000000595,0.0006949999997232226
Hog_public_Gerard,Isolation Forest,0.06634786407498544,0.6304347826086957,0.6692307692307692,0.6492537313432836,0.8492776580914966,0.5399048128720478,0.9579901153212521,0.042009884678747944,87,51,1163,43,0.7685852999993585,0.02980310000020836
Hog_public_Gerard,LOF,-0.22707529385838152,0.5952380952380952,0.7692307692307693,0.6711409395973155,0.9078126980103915,0.7735359586539982,0.943986820428336,0.05601317957166392,100,68,1146,30,0.08911040000020876,0.06270379999932629
Hog_public_Gerard,Autoencoder,1.2037166357040405,0.7789473684210526,0.5692307692307692,0.6577777777777778,0.8005766062602965,0.6499778489070416,0.9827018121911038,0.01729818780889621,74,21,1193,56,4.454460500000096,0.0007518000002164626
