building_id,model,precision,recall,f1,auroc,auprc,specificity,false_positive_rate,tp,fp,tn,fn,training_time_s,inference_time_s,validation_selected_threshold,validation_f1
Robin_public_Cami,Isolation Forest,0.16279069767441862,0.5338983050847458,0.2495049504950495,0.6646642351426731,0.14091835789311968,0.7070524412296564,0.29294755877034356,63,324,782,55,1.1924529999996594,0.04222499999923457,0.5289413073879463,0.17765042979942694
Robin_public_Cami,LOF,0.2080536912751678,0.788135593220339,0.3292035398230089,0.8231066294786528,0.4892463434837034,0.6799276672694394,0.32007233273056057,93,354,752,25,0.20232120000036957,0.09139859999959299,1.1006906065424937,0.35359116022099446
Robin_public_Cami,Autoencoder,0.17115384615384616,0.7542372881355932,0.27899686520376177,0.7502758451589175,0.34933581870557573,0.6103074141048824,0.3896925858951175,89,431,675,29,3.3313287000000855,0.00660289999905217,0.41182037376608066,0.2564102564102564
Robin_public_Cami,TwinGuard-X v3,0.4173228346456692,0.4491525423728814,0.4326530612244898,0.7884344254758329,0.4096690938391109,0.9330922242314648,0.0669077757685352,53,74,1032,65,,,,
Bear_public_Valorie,Isolation Forest,0.07256235827664399,0.27586206896551724,0.11490125673249552,0.48433804307232664,0.08479305528417377,0.6308664259927798,0.36913357400722024,32,409,699,84,1.0733294000001479,0.041821700000582496,0.503453406647998,0.37681159420289856
Bear_public_Valorie,LOF,0.16149068322981366,0.4482758620689655,0.2374429223744292,0.6147065230922446,0.21279846946518804,0.7563176895306859,0.24368231046931407,52,270,838,64,0.12111469999945257,0.10117780000109633,1.0658650916547745,0.5031847133757962
Bear_public_Valorie,Autoencoder,0.13783783783783785,0.4396551724137931,0.20987654320987653,0.576582534545002,0.14878898687576808,0.7120938628158845,0.2879061371841155,51,319,789,65,3.3736384000003454,0.0017841999997472158,0.2780359289324985,0.46920821114369504
Bear_public_Valorie,TwinGuard-X v3,0.5409836065573771,0.5689655172413793,0.5546218487394958,0.8284187103199303,0.4903047081269869,0.9494584837545126,0.0505415162454873,66,56,1052,50,,,,
Hog_public_Gerard,Isolation Forest,0.12861736334405144,0.3225806451612903,0.1839080459770115,0.602558651026393,0.1323982979168836,0.7536363636363637,0.24636363636363637,40,271,829,84,1.224285599999348,0.04220250000071246,0.5207494456806824,0.17032967032967034
Hog_public_Gerard,LOF,0.311284046692607,0.6451612903225806,0.4199475065616798,0.7774706744868034,0.3415134490660168,0.8390909090909091,0.16090909090909092,80,177,923,44,0.11292309999953432,0.0930752999993274,1.1330779585450172,0.3848797250859107
Hog_public_Gerard,Autoencoder,0.1864406779661017,0.7096774193548387,0.2953020134228188,0.733841642228739,0.23306308791805966,0.6509090909090909,0.3490909090909091,88,384,716,36,3.342816500000481,0.001808899998650304,0.35713415852409036,0.3423913043478261
Hog_public_Gerard,TwinGuard-X v3,0.5111111111111111,0.7419354838709677,0.6052631578947368,0.8908357771260997,0.5980847269719326,0.92,0.08,92,88,1012,32,,,,
