building_id,model,threshold,training_time_s,inference_time_s,precision,recall,f1,auroc,auprc,specificity,false_positive_rate,tp,fp,tn,fn
Robin_public_Cami,Isolation Forest,0.04731488997475969,0.737964799999645,0.0275048000003153,0.07803468208092486,0.4153846153846154,0.13138686131386862,0.432057757057757,0.09706862187494264,0.46296296296296297,0.5370370370370371,54,638,550,76
Robin_public_Cami,LOF,-0.3758770243258205,0.20032399999945483,0.10059000000001106,0.1006233303650935,0.8692307692307693,0.18036711891460494,0.5241323491323491,0.1533040961029883,0.14983164983164984,0.8501683501683501,113,1010,178,17
Robin_public_Cami,Autoencoder,0.7558921575546265,4.656878300000244,0.002280599999721744,0.0962566844919786,0.4153846153846154,0.15629522431259044,0.4958365708365708,0.12306597416457238,0.5732323232323232,0.42676767676767674,54,507,681,76
Bear_public_Valorie,Isolation Forest,0.03725180418624212,0.6786231999994925,0.027744800000618852,0.12725225225225226,0.8692307692307693,0.2220039292730845,0.6181947681947684,0.12310212853613967,0.34764309764309764,0.6523569023569024,113,775,413,17
Bear_public_Valorie,LOF,-0.3276159515104143,0.23476600000049075,0.10832060000029742,0.10540788267644363,0.8846153846153846,0.18837018837018837,0.6172105672105672,0.18032943086558417,0.17845117845117844,0.8215488215488216,115,976,212,15
Bear_public_Valorie,Autoencoder,0.7814593315124512,4.419381799999428,0.0010253000000375323,0.11451942740286299,0.8615384615384616,0.20216606498194944,0.6202343952343952,0.18996814613590926,0.27104377104377103,0.7289562289562289,112,866,322,18
Hog_public_Gerard,Isolation Forest,0.04933464906591253,0.6867918999996618,0.02464970000073663,0.09285051067780872,0.7692307692307693,0.16570008285004142,0.45714193214193216,0.09230443857766041,0.1776094276094276,0.8223905723905723,100,977,211,30
Hog_public_Gerard,LOF,-0.3409615085757793,0.19888760000048933,0.0911645000005592,0.10839160839160839,0.9538461538461539,0.1946624803767661,0.5779008029008029,0.14485075282373575,0.1414141414141414,0.8585858585858586,124,1020,168,6
Hog_public_Gerard,Autoencoder,0.7011887431144714,4.408215999999811,0.0027365999994799495,0.12331606217616581,0.9153846153846154,0.217351598173516,0.559900284900285,0.14188640251269985,0.2878787878787879,0.7121212121212122,119,846,342,11
