building_id,anomaly_type,n,recall
Robin_public_Cami,spike,10,1.0
Robin_public_Cami,persistent_shift,24,0.8333333333333334
Robin_public_Cami,gradual_drift,48,0.22916666666666666
Robin_public_Cami,stuck,24,0.0
Robin_public_Cami,contextual_after_hours,12,1.0
Bear_public_Valorie,spike,10,0.9
Bear_public_Valorie,persistent_shift,28,0.7142857142857143
Bear_public_Valorie,gradual_drift,48,0.3541666666666667
Bear_public_Valorie,stuck,24,0.5833333333333334
Bear_public_Valorie,contextual_after_hours,6,1.0
Hog_public_Gerard,spike,9,1.0
Hog_public_Gerard,persistent_shift,31,0.967741935483871
Hog_public_Gerard,gradual_drift,48,0.7291666666666666
Hog_public_Gerard,stuck,24,0.25
Hog_public_Gerard,contextual_after_hours,12,1.0
