hour_group,temperature_group,residual_median,residual_mad
0,0,9.524383544921875,10.445861180200188
0,1,9.22292709350586,9.652639730072021
0,2,10.129615783691406,11.38234161529541
0,3,12.641502380371094,16.237615683746338
1,0,11.375137329101562,9.964793133544921
1,1,13.148162841796875,11.079412609863281
1,2,13.489799499511719,10.97828922729492
1,3,16.066238403320312,14.888167126464843
2,0,7.26416015625,8.779523025512695
2,1,5.72320556640625,6.960388027954101
2,2,7.013175964355469,6.75517769165039
2,3,19.0751953125,19.901986596679688
3,0,6.814765930175781,5.953226284790039
3,1,7.799171447753906,7.937552096557617
3,2,10.519102545166014,11.434622630310058
3,3,18.93804931640625,17.301961907958983
