seed,building_id,anomaly_type,n,recall
46,Robin_public_Cami,spike,10,1.0
46,Robin_public_Cami,persistent_shift,24,0.8333333333333334
46,Robin_public_Cami,gradual_drift,48,0.2291666666666666
46,Robin_public_Cami,stuck,24,0.0
46,Robin_public_Cami,contextual_after_hours,12,1.0
46,Bear_public_Valorie,spike,10,0.9
46,Bear_public_Valorie,persistent_shift,28,0.7142857142857143
46,Bear_public_Valorie,gradual_drift,48,0.3541666666666667
46,Bear_public_Valorie,stuck,24,0.5833333333333334
46,Bear_public_Valorie,contextual_after_hours,6,1.0
46,Hog_public_Gerard,spike,9,1.0
46,Hog_public_Gerard,persistent_shift,31,0.967741935483871
46,Hog_public_Gerard,gradual_drift,48,0.7291666666666666
46,Hog_public_Gerard,stuck,24,0.25
46,Hog_public_Gerard,contextual_after_hours,12,1.0
