seed,building_id,component,weight
46,Robin_public_Cami,contextual_residual,0.7
46,Robin_public_Cami,residual_dynamics,0.1
46,Robin_public_Cami,persistence_3h,0.2
46,Robin_public_Cami,persistence_6h,0.0
46,Robin_public_Cami,persistence_12h,0.0
46,Bear_public_Valorie,contextual_residual,0.2999999999999999
46,Bear_public_Valorie,residual_dynamics,0.0
46,Bear_public_Valorie,persistence_3h,0.575
46,Bear_public_Valorie,persistence_6h,0.125
46,Bear_public_Valorie,persistence_12h,1.1102230246251563e-16
46,Hog_public_Gerard,contextual_residual,0.7000000000000001
46,Hog_public_Gerard,residual_dynamics,0.0
46,Hog_public_Gerard,persistence_3h,0.0
46,Hog_public_Gerard,persistence_6h,0.2749999999999999
46,Hog_public_Gerard,persistence_12h,0.0249999999999999
