seed,building_id,model,precision,recall,f1,auroc,auprc,specificity,false_positive_rate,tp,fp,tn,fn,training_time_s,inference_time_s,validation_selected_threshold,validation_f1
45,Robin_public_Cami,Isolation Forest,0.1596244131455399,0.576271186440678,0.25,0.6631011125754742,0.1448477290961919,0.6763110307414105,0.3236889692585895,68,358,748,50,1.0882685000015044,0.0396161999997275,0.5293967821537462,0.2209944751381215
45,Robin_public_Cami,LOF,0.2080536912751678,0.788135593220339,0.3292035398230089,0.8231066294786528,0.4892463434837034,0.6799276672694394,0.3200723327305605,93,354,752,25,0.1958047000007354,0.0893240999994304,1.1006906065424935,0.3535911602209944
45,Robin_public_Cami,Autoencoder,0.210958904109589,0.652542372881356,0.3188405797101449,0.7705274772427745,0.4235916911493784,0.7396021699819169,0.2603978300180832,77,288,818,41,3.303702600000179,0.0066769999993994,0.4093712216183972,0.2896174863387978
45,Robin_public_Cami,TwinGuard-X v3,0.3702127659574468,0.7372881355932204,0.4929178470254957,0.8485035400128726,0.5957514955169136,0.8661844484629295,0.1338155515370705,87,148,958,31,,,,
45,Bear_public_Valorie,Isolation Forest,0.0962566844919786,0.3103448275862069,0.1469387755102041,0.4869989418648077,0.086357422240124,0.6949458483754513,0.3050541516245487,36,338,770,80,1.0339868999999453,0.0415959999991173,0.5069338200927854,0.391025641025641
45,Bear_public_Valorie,LOF,0.1614906832298136,0.4482758620689655,0.2374429223744292,0.6147065230922446,0.212798469465188,0.7563176895306859,0.243682310469314,52,270,838,64,0.1216638000005332,0.1018471999996109,1.0658650916547745,0.5031847133757962
45,Bear_public_Valorie,Autoencoder,0.1463414634146341,0.4137931034482758,0.2162162162162162,0.5881442176023901,0.1541562771580215,0.7472924187725631,0.2527075812274368,48,280,828,68,3.2545141000009608,0.0016912999999476,0.3297027797062976,0.4177215189873418
45,Bear_public_Valorie,TwinGuard-X v3,0.4344262295081967,0.4568965517241379,0.4453781512605042,0.7699178389144778,0.3923644928471367,0.9377256317689532,0.0622743682310469,53,69,1039,63,,,,
45,Hog_public_Gerard,Isolation Forest,0.1404011461318051,0.3951612903225806,0.2071881606765327,0.6105205278592376,0.133485125480181,0.7272727272727273,0.2727272727272727,49,300,800,75,1.18515699999989,0.0400234999997337,0.5188376587017087,0.1912568306010929
45,Hog_public_Gerard,LOF,0.311284046692607,0.6451612903225806,0.4199475065616798,0.7774706744868034,0.3415134490660168,0.8390909090909091,0.1609090909090909,80,177,923,44,0.1124602999989292,0.0951913999997486,1.1330779585450172,0.3848797250859107
45,Hog_public_Gerard,Autoencoder,0.1945812807881773,0.6370967741935484,0.2981132075471698,0.7528519061583578,0.2604867869722808,0.7027272727272728,0.2972727272727273,79,327,773,45,3.242195900000297,0.0017686999999568,0.3695571385949721,0.3783783783783784
45,Hog_public_Gerard,TwinGuard-X v3,0.5844155844155844,0.7258064516129032,0.6474820143884892,0.8963782991202346,0.6615103893798121,0.9418181818181818,0.0581818181818181,90,64,1036,34,,,,
