seed,building_id,model,anomaly_type,n,recall
44,Bear_public_Valorie,Autoencoder,spike,10,1.0
44,Bear_public_Valorie,Autoencoder,persistent_shift,28,0.3571428571428571
44,Bear_public_Valorie,Autoencoder,gradual_drift,48,0.3541666666666667
44,Bear_public_Valorie,Autoencoder,stuck,24,0.0416666666666666
44,Bear_public_Valorie,Autoencoder,contextual_after_hours,6,1.0
44,Bear_public_Valorie,Isolation Forest,spike,10,0.8
44,Bear_public_Valorie,Isolation Forest,persistent_shift,28,0.1785714285714285
44,Bear_public_Valorie,Isolation Forest,gradual_drift,48,0.1875
44,Bear_public_Valorie,Isolation Forest,stuck,24,0.0833333333333333
44,Bear_public_Valorie,Isolation Forest,contextual_after_hours,6,0.0
44,Bear_public_Valorie,LOF,spike,10,1.0
44,Bear_public_Valorie,LOF,persistent_shift,28,0.6071428571428571
44,Bear_public_Valorie,LOF,gradual_drift,48,0.3958333333333333
44,Bear_public_Valorie,LOF,stuck,24,0.0
44,Bear_public_Valorie,LOF,contextual_after_hours,6,1.0
44,Bear_public_Valorie,TwinGuard-X v3,spike,10,1.0
44,Bear_public_Valorie,TwinGuard-X v3,persistent_shift,28,0.5
44,Bear_public_Valorie,TwinGuard-X v3,gradual_drift,48,0.3333333333333333
44,Bear_public_Valorie,TwinGuard-X v3,stuck,24,0.5416666666666666
44,Bear_public_Valorie,TwinGuard-X v3,contextual_after_hours,6,0.8333333333333334
44,Hog_public_Gerard,Autoencoder,spike,9,1.0
44,Hog_public_Gerard,Autoencoder,persistent_shift,31,0.4516129032258064
44,Hog_public_Gerard,Autoencoder,gradual_drift,48,0.5625
44,Hog_public_Gerard,Autoencoder,stuck,24,0.2916666666666667
44,Hog_public_Gerard,Autoencoder,contextual_after_hours,12,0.6666666666666666
44,Hog_public_Gerard,Isolation Forest,spike,9,0.3333333333333333
44,Hog_public_Gerard,Isolation Forest,persistent_shift,31,0.3870967741935484
44,Hog_public_Gerard,Isolation Forest,gradual_drift,48,0.3125
44,Hog_public_Gerard,Isolation Forest,stuck,24,0.0833333333333333
44,Hog_public_Gerard,Isolation Forest,contextual_after_hours,12,0.5833333333333334
44,Hog_public_Gerard,LOF,spike,9,1.0
44,Hog_public_Gerard,LOF,persistent_shift,31,0.8387096774193549
44,Hog_public_Gerard,LOF,gradual_drift,48,0.625
44,Hog_public_Gerard,LOF,stuck,24,0.125
44,Hog_public_Gerard,LOF,contextual_after_hours,12,1.0
44,Hog_public_Gerard,TwinGuard-X v3,spike,9,1.0
44,Hog_public_Gerard,TwinGuard-X v3,persistent_shift,31,0.6129032258064516
44,Hog_public_Gerard,TwinGuard-X v3,gradual_drift,48,0.4791666666666667
44,Hog_public_Gerard,TwinGuard-X v3,stuck,24,0.7916666666666666
44,Hog_public_Gerard,TwinGuard-X v3,contextual_after_hours,12,0.0833333333333333
44,Robin_public_Cami,Autoencoder,spike,10,0.8
44,Robin_public_Cami,Autoencoder,persistent_shift,24,1.0
44,Robin_public_Cami,Autoencoder,gradual_drift,48,0.6666666666666666
44,Robin_public_Cami,Autoencoder,stuck,24,0.0
44,Robin_public_Cami,Autoencoder,contextual_after_hours,12,1.0
44,Robin_public_Cami,Isolation Forest,spike,10,0.7
44,Robin_public_Cami,Isolation Forest,persistent_shift,24,0.875
44,Robin_public_Cami,Isolation Forest,gradual_drift,48,0.8541666666666666
44,Robin_public_Cami,Isolation Forest,stuck,24,0.0416666666666666
44,Robin_public_Cami,Isolation Forest,contextual_after_hours,12,0.3333333333333333
44,Robin_public_Cami,LOF,spike,10,1.0
44,Robin_public_Cami,LOF,persistent_shift,24,1.0
44,Robin_public_Cami,LOF,gradual_drift,48,0.8958333333333334
44,Robin_public_Cami,LOF,stuck,24,0.1666666666666666
44,Robin_public_Cami,LOF,contextual_after_hours,12,1.0
44,Robin_public_Cami,TwinGuard-X v3,spike,10,1.0
44,Robin_public_Cami,TwinGuard-X v3,persistent_shift,24,1.0
44,Robin_public_Cami,TwinGuard-X v3,gradual_drift,48,0.6875
44,Robin_public_Cami,TwinGuard-X v3,stuck,24,0.0
44,Robin_public_Cami,TwinGuard-X v3,contextual_after_hours,12,1.0
