seed,building_id,variant,contextual_residual,residual_dynamics,persistence_3h,persistence_6h,persistence_12h
42,Robin_public_Cami,Full TwinGuard-X v3,0.9,0.0249999999999999,0.0,0.0,0.0749999999999999
42,Robin_public_Cami,w/o Context,0.0,0.2499999999999995,0.0,0.0,0.7500000000000006
42,Robin_public_Cami,w/o Multi-scale Persistence,0.972972972972973,0.02702702702702692,0.0,0.0,0.0
42,Robin_public_Cami,Residual Only,1.0,0.0,0.0,0.0,0.0
42,Robin_public_Cami,Equal Fusion,0.2,0.2,0.2,0.2,0.2
42,Bear_public_Valorie,Full TwinGuard-X v3,0.2749999999999999,0.0,0.6499999999999999,0.0749999999999999,0.0
42,Bear_public_Valorie,w/o Context,0.0,0.0,0.896551724137931,0.10344827586206885,0.0
42,Bear_public_Valorie,w/o Multi-scale Persistence,1.0,0.0,0.0,0.0,0.0
42,Bear_public_Valorie,Residual Only,1.0,0.0,0.0,0.0,0.0
42,Bear_public_Valorie,Equal Fusion,0.2,0.2,0.2,0.2,0.2
42,Hog_public_Gerard,Full TwinGuard-X v3,0.3,0.0,0.5,0.2,0.0
42,Hog_public_Gerard,w/o Context,0.0,0.0,0.7142857142857143,0.28571428571428575,0.0
42,Hog_public_Gerard,w/o Multi-scale Persistence,1.0,0.0,0.0,0.0,0.0
42,Hog_public_Gerard,Residual Only,1.0,0.0,0.0,0.0,0.0
42,Hog_public_Gerard,Equal Fusion,0.2,0.2,0.2,0.2,0.2
43,Robin_public_Cami,Full TwinGuard-X v3,0.8,0.0,0.2,0.0,0.0
43,Robin_public_Cami,w/o Context,0.0,0.0,1.0,0.0,0.0
43,Robin_public_Cami,w/o Multi-scale Persistence,1.0,0.0,0.0,0.0,0.0
43,Robin_public_Cami,Residual Only,1.0,0.0,0.0,0.0,0.0
43,Robin_public_Cami,Equal Fusion,0.2,0.2,0.2,0.2,0.2
43,Bear_public_Valorie,Full TwinGuard-X v3,0.3,0.0499999999999999,0.5499999999999999,0.0999999999999999,0.0
43,Bear_public_Valorie,w/o Context,0.0,0.07142857142857131,0.7857142857142859,0.14285714285714277,0.0
43,Bear_public_Valorie,w/o Multi-scale Persistence,0.8571428571428574,0.14285714285714263,0.0,0.0,0.0
43,Bear_public_Valorie,Residual Only,1.0,0.0,0.0,0.0,0.0
43,Bear_public_Valorie,Equal Fusion,0.2,0.2,0.2,0.2,0.2
43,Hog_public_Gerard,Full TwinGuard-X v3,0.5,0.0,0.3,0.2,0.0
43,Hog_public_Gerard,w/o Context,0.0,0.0,0.6,0.4,0.0
43,Hog_public_Gerard,w/o Multi-scale Persistence,1.0,0.0,0.0,0.0,0.0
43,Hog_public_Gerard,Residual Only,1.0,0.0,0.0,0.0,0.0
43,Hog_public_Gerard,Equal Fusion,0.2,0.2,0.2,0.2,0.2
44,Robin_public_Cami,Full TwinGuard-X v3,1.0,0.0,0.0,0.0,0.0
44,Robin_public_Cami,w/o Multi-scale Persistence,1.0,0.0,0.0,0.0,0.0
44,Robin_public_Cami,Residual Only,1.0,0.0,0.0,0.0,0.0
44,Robin_public_Cami,Equal Fusion,0.2,0.2,0.2,0.2,0.2
44,Bear_public_Valorie,Full TwinGuard-X v3,0.175,0.0249999999999999,0.7,0.0,0.1
44,Bear_public_Valorie,w/o Context,0.0,0.03030303030303019,0.8484848484848486,0.0,0.12121212121212124
44,Bear_public_Valorie,w/o Multi-scale Persistence,0.8750000000000003,0.12499999999999957,0.0,0.0,0.0
44,Bear_public_Valorie,Residual Only,1.0,0.0,0.0,0.0,0.0
44,Bear_public_Valorie,Equal Fusion,0.2,0.2,0.2,0.2,0.2
44,Hog_public_Gerard,Full TwinGuard-X v3,0.15,0.0249999999999999,0.825,0.0,0.0
44,Hog_public_Gerard,w/o Context,0.0,0.02941176470588224,0.9705882352941178,0.0,0.0
44,Hog_public_Gerard,w/o Multi-scale Persistence,0.8571428571428575,0.14285714285714238,0.0,0.0,0.0
44,Hog_public_Gerard,Residual Only,1.0,0.0,0.0,0.0,0.0
44,Hog_public_Gerard,Equal Fusion,0.2,0.2,0.2,0.2,0.2
45,Robin_public_Cami,Full TwinGuard-X v3,1.0,0.0,0.0,0.0,0.0
45,Robin_public_Cami,w/o Multi-scale Persistence,1.0,0.0,0.0,0.0,0.0
45,Robin_public_Cami,Residual Only,1.0,0.0,0.0,0.0,0.0
45,Robin_public_Cami,Equal Fusion,0.2,0.2,0.2,0.2,0.2
45,Bear_public_Valorie,Full TwinGuard-X v3,0.1999999999999999,0.0,0.6749999999999999,0.0999999999999999,0.0250000000000001
45,Bear_public_Valorie,w/o Context,0.0,0.0,0.84375,0.12499999999999988,0.031250000000000125
45,Bear_public_Valorie,w/o Multi-scale Persistence,1.0,0.0,0.0,0.0,0.0
45,Bear_public_Valorie,Residual Only,1.0,0.0,0.0,0.0,0.0
45,Bear_public_Valorie,Equal Fusion,0.2,0.2,0.2,0.2,0.2
45,Hog_public_Gerard,Full TwinGuard-X v3,0.6749999999999999,0.0,0.0249999999999999,0.2999999999999999,0.0
45,Hog_public_Gerard,w/o Context,0.0,0.0,0.07692307692307666,0.9230769230769234,0.0
45,Hog_public_Gerard,w/o Multi-scale Persistence,1.0,0.0,0.0,0.0,0.0
45,Hog_public_Gerard,Residual Only,1.0,0.0,0.0,0.0,0.0
45,Hog_public_Gerard,Equal Fusion,0.2,0.2,0.2,0.2,0.2
46,Robin_public_Cami,Full TwinGuard-X v3,0.7,0.1,0.2,0.0,0.0
46,Robin_public_Cami,w/o Context,0.0,0.3333333333333333,0.6666666666666666,0.0,0.0
46,Robin_public_Cami,w/o Multi-scale Persistence,0.875,0.12500000000000003,0.0,0.0,0.0
46,Robin_public_Cami,Residual Only,1.0,0.0,0.0,0.0,0.0
46,Robin_public_Cami,Equal Fusion,0.2,0.2,0.2,0.2,0.2
46,Bear_public_Valorie,Full TwinGuard-X v3,0.2999999999999999,0.0,0.575,0.125,0.0
46,Bear_public_Valorie,w/o Context,0.0,0.0,0.8214285714285714,0.17857142857142858,0.0
46,Bear_public_Valorie,w/o Multi-scale Persistence,1.0,0.0,0.0,0.0,0.0
46,Bear_public_Valorie,Residual Only,1.0,0.0,0.0,0.0,0.0
46,Bear_public_Valorie,Equal Fusion,0.2,0.2,0.2,0.2,0.2
46,Hog_public_Gerard,Full TwinGuard-X v3,0.7000000000000001,0.0,0.0,0.2749999999999999,0.0249999999999999
46,Hog_public_Gerard,w/o Context,0.0,0.0,0.0,0.916666666666667,0.08333333333333305
46,Hog_public_Gerard,w/o Multi-scale Persistence,1.0,0.0,0.0,0.0,0.0
46,Hog_public_Gerard,Residual Only,1.0,0.0,0.0,0.0,0.0
46,Hog_public_Gerard,Equal Fusion,0.2,0.2,0.2,0.2,0.2
