building_id,component,weight_mean,weight_sd,weight_mean_pm_sd
Bear_public_Valorie,contextual_residual,0.24999999999999992,0.05863019699779286,0.2500 ± 0.0586
Bear_public_Valorie,persistence_12h,0.025000000000000112,0.04330127018922188,0.0250 ± 0.0433
Bear_public_Valorie,persistence_3h,0.6299999999999999,0.06471089552772394,0.6300 ± 0.0647
Bear_public_Valorie,persistence_6h,0.07999999999999993,0.04808846015417835,0.0800 ± 0.0481
Bear_public_Valorie,residual_dynamics,0.014999999999999961,0.022360679774997845,0.0150 ± 0.0224
Hog_public_Gerard,contextual_residual,0.465,0.2382225849914319,0.4650 ± 0.2382
Hog_public_Gerard,persistence_12h,0.005000000000000024,0.01118033988749888,0.0050 ± 0.0112
Hog_public_Gerard,persistence_3h,0.32999999999999996,0.3452354269190808,0.3300 ± 0.3452
Hog_public_Gerard,persistence_6h,0.19499999999999998,0.11779218989389742,0.1950 ± 0.1178
Hog_public_Gerard,residual_dynamics,0.00499999999999998,0.011180339887498903,0.0050 ± 0.0112
Robin_public_Cami,contextual_residual,0.8800000000000001,0.130384048104053,0.8800 ± 0.1304
Robin_public_Cami,persistence_12h,0.01499999999999998,0.0335410196624968,0.0150 ± 0.0335
Robin_public_Cami,persistence_3h,0.08,0.10954451150103323,0.0800 ± 0.1095
Robin_public_Cami,persistence_6h,0.0,0.0,0.0000 ± 0.0000
Robin_public_Cami,residual_dynamics,0.02499999999999998,0.04330127018922193,0.0250 ± 0.0433
