model,anomaly_type,recall_mean,recall_sd,recall_mean_pm_sd
Autoencoder,contextual_after_hours,0.8222222222222222,0.1848840143588193,0.8222 ± 0.1849
Autoencoder,gradual_drift,0.5208333333333333,0.09609967016040318,0.5208 ± 0.0961
Autoencoder,persistent_shift,0.6456989247311828,0.07133177707325443,0.6457 ± 0.0713
Autoencoder,spike,0.9399999999999998,0.03651483716701108,0.9400 ± 0.0365
Autoencoder,stuck,0.1472222222222222,0.03197462342561482,0.1472 ± 0.0320
Isolation Forest,contextual_after_hours,0.4111111111111111,0.11850405004278634,0.4111 ± 0.1185
Isolation Forest,gradual_drift,0.4583333333333333,0.02644365661758303,0.4583 ± 0.0264
Isolation Forest,persistent_shift,0.5359831029185868,0.07325309221600991,0.5360 ± 0.0733
Isolation Forest,spike,0.6325925925925926,0.019668026736817498,0.6326 ± 0.0197
Isolation Forest,stuck,0.06388888888888886,0.021063542900143204,0.0639 ± 0.0211
LOF,contextual_after_hours,1.0,0.0,1.0000 ± 0.0000
LOF,gradual_drift,0.6388888888888888,0.0,0.6389 ± 0.0000
LOF,persistent_shift,0.815284178187404,0.0,0.8153 ± 0.0000
LOF,spike,1.0,0.0,1.0000 ± 0.0000
LOF,stuck,0.09722222222222221,0.0,0.0972 ± 0.0000
TwinGuard-X v3,contextual_after_hours,0.9277777777777778,0.16149379837498484,0.9278 ± 0.1615
TwinGuard-X v3,gradual_drift,0.5277777777777778,0.06495932963149204,0.5278 ± 0.0650
TwinGuard-X v3,persistent_shift,0.7855606758832565,0.055466660316360335,0.7856 ± 0.0555
TwinGuard-X v3,spike,0.9800000000000001,0.01825741858350554,0.9800 ± 0.0183
TwinGuard-X v3,stuck,0.3388888888888889,0.06985986855532939,0.3389 ± 0.0699
