variant,anomaly_type,n_runs,recall_mean,recall_sd,recall_mean_pm_sd
Full TwinGuard-X v3,spike,5,0.9904761904761905,0.02129588549999797,0.9905 ± 0.0213
Full TwinGuard-X v3,persistent_shift,5,0.5083333333333334,0.1475102005261306,0.5083 ± 0.1475
Full TwinGuard-X v3,gradual_drift,5,0.5013356973995272,0.07870678959037651,0.5013 ± 0.0787
Full TwinGuard-X v3,stuck,5,0.48944444444444446,0.026013410596540373,0.4894 ± 0.0260
Full TwinGuard-X v3,contextual_after_hours,5,0.75,0.14299486306926387,0.7500 ± 0.1430
w/o Context,spike,5,0.19464285714285712,0.10517370363597517,0.1946 ± 0.1052
w/o Context,persistent_shift,5,0.06944444444444445,0.03540985773328323,0.0694 ± 0.0354
w/o Context,gradual_drift,5,0.03046099290780142,0.005618326535229483,0.0305 ± 0.0056
w/o Context,stuck,5,0.42833333333333334,0.06779001483338909,0.4283 ± 0.0678
w/o Context,contextual_after_hours,5,0.04444444444444444,0.07243558228002943,0.0444 ± 0.0724
w/o Multi-scale Persistence,spike,5,1.0,0.0,1.0000 ± 0.0000
w/o Multi-scale Persistence,persistent_shift,5,0.6888888888888889,0.1323458805507955,0.6889 ± 0.1323
w/o Multi-scale Persistence,gradual_drift,5,0.6162174940898345,0.061143123505756486,0.6162 ± 0.0611
w/o Multi-scale Persistence,stuck,5,0.3738888888888889,0.0818525850478306,0.3739 ± 0.0819
w/o Multi-scale Persistence,contextual_after_hours,5,0.8222222222222223,0.14777151198078206,0.8222 ± 0.1478
Residual Only,spike,5,1.0,0.0,1.0000 ± 0.0000
Residual Only,persistent_shift,5,0.675,0.11768733424619367,0.6750 ± 0.1177
Residual Only,gradual_drift,5,0.6147695035460993,0.06149869901488161,0.6148 ± 0.0615
Residual Only,stuck,5,0.3655555555555555,0.09276696543782818,0.3656 ± 0.0928
Residual Only,contextual_after_hours,5,0.8222222222222223,0.14777151198078206,0.8222 ± 0.1478
Equal Fusion,spike,5,1.0,0.0,1.0000 ± 0.0000
Equal Fusion,persistent_shift,5,0.32222222222222224,0.08471083712209393,0.3222 ± 0.0847
Equal Fusion,gradual_drift,5,0.36749408983451537,0.07788719998343291,0.3675 ± 0.0779
Equal Fusion,stuck,5,0.3611111111111111,0.051407654231449294,0.3611 ± 0.0514
Equal Fusion,contextual_after_hours,5,0.49444444444444435,0.11351564856501413,0.4944 ± 0.1135
