seed,model,precision,recall,f1,auroc,auprc,specificity,false_positive_rate
42,Autoencoder,0.1645349267700327,0.46698780188910466,0.24011600074309067,0.6614798042856909,0.22733130661021683,0.7621785694997777,0.2378214305002222
42,Isolation Forest,0.14120424073030705,0.4507943540531539,0.2135332028899943,0.6143487395850463,0.13138233755984113,0.7023230153751564,0.29767698462484365
42,LOF,0.22694280706586278,0.6271909152039618,0.3288646562530393,0.7384279423525669,0.3478527540049694,0.7584454219636781,0.24155457803632183
42,TwinGuard-X v3,0.5571294054344902,0.6239654229746799,0.5860769114140044,0.8443251332215823,0.5662561528571098,0.9445352546887986,0.055464745311201435
43,Autoencoder,0.17412389567500922,0.4683483845829956,0.24411191239316235,0.6803100224726509,0.2242502714117516,0.7713936058610006,0.22860639413899933
43,Isolation Forest,0.12205487389177656,0.39174726469460736,0.18517350852031908,0.5770376062601001,0.1164059275176786,0.7004731142975441,0.2995268857024557
43,LOF,0.22694280706586278,0.6271909152039618,0.3288646562530393,0.7384279423525669,0.3478527540049694,0.7584454219636781,0.24155457803632183
43,TwinGuard-X v3,0.4007854266144239,0.650140143159694,0.47141393435383017,0.8435540601239605,0.528183123630005,0.858311844593433,0.14168815540656693
44,Autoencoder,0.194358410705309,0.5158572299416174,0.28116522895788265,0.6823928173245744,0.2996728714320178,0.7596277032538058,0.24037229674619423
44,Isolation Forest,0.11555750634004958,0.38284377494139754,0.17668409261570037,0.5907434246421791,0.12403238058090198,0.6878038517713151,0.31219614822868486
44,LOF,0.22694280706586278,0.6271909152039618,0.3288646562530393,0.7384279423525669,0.3478527540049694,0.7584454219636781,0.24155457803632183
44,TwinGuard-X v3,0.4232639807223251,0.5806907235283397,0.47613156724309064,0.8045947337685813,0.46926784416352385,0.8984567612922957,0.10154323870770421
45,Autoencoder,0.18396054943746679,0.5678107501743934,0.277723334491177,0.7038412003345075,0.2794115850932269,0.729873953827251,0.2701260461727491
45,Isolation Forest,0.1320940812564412,0.4272591014498219,0.20137564539557892,0.5868735274331732,0.12156342560549897,0.6995098687965298,0.3004901312034703
45,LOF,0.22694280706586278,0.6271909152039618,0.3288646562530393,0.7384279423525669,0.3478527540049694,0.7584454219636781,0.24155457803632183
45,TwinGuard-X v3,0.46301819329374266,0.6399970463100871,0.5285926708914963,0.838266559349195,0.5498754592479541,0.9152427540166882,0.08475724598331184
46,Autoencoder,0.1651441206525952,0.6345232933014083,0.261391807278819,0.6869000073108862,0.24372929783313443,0.6577701226099526,0.3422298773900474
46,Isolation Forest,0.12132347309837128,0.3774470064038511,0.18277141773485217,0.5838536430804643,0.11936990369805896,0.6971850769529332,0.30281492304706664
46,LOF,0.22694280706586278,0.6271909152039618,0.3288646562530393,0.7384279423525669,0.3478527540049694,0.7584454219636781,0.24155457803632183
46,TwinGuard-X v3,0.48980585077138583,0.5866845144950762,0.5308460226195741,0.8358963043072877,0.49935284297934346,0.9341835693286592,0.06581643067134084
