seed,building_id,variant,precision,recall,f1,auroc,auprc,specificity,false_positive_rate,tp,fp,tn,fn,threshold
42,Robin_public_Cami,Full TwinGuard-X v3,0.5873015873015873,0.3894736842105263,0.46835443037974683,0.7404715789473684,0.47501775454563533,0.9584,0.0416,37,26,599,58,3.890624034186661
42,Robin_public_Cami,w/o Context,0.06611570247933884,0.08421052631578947,0.07407407407407407,0.5018021052631579,0.13362904325009797,0.8192,0.1808,8,113,512,87,3.890624034186661
42,Robin_public_Cami,w/o Multi-scale Persistence,0.5507246376811594,0.4,0.4634146341463415,0.7661473684210527,0.467946292207483,0.9504,0.0496,38,31,594,57,3.890624034186661
42,Robin_public_Cami,Residual Only,0.5428571428571428,0.4,0.46060606060606063,0.7708463157894737,0.46550272106569734,0.9488,0.0512,38,32,593,57,3.890624034186661
42,Robin_public_Cami,Equal Fusion,0.4117647058823529,0.14736842105263157,0.21705426356589147,0.628101052631579,0.23821321200124096,0.968,0.032,14,20,605,81,3.890624034186661
42,Bear_public_Valorie,Full TwinGuard-X v3,0.5283018867924528,0.5773195876288659,0.5517241379310345,0.8113964686998395,0.4314689941151441,0.9197431781701445,0.08025682182985554,56,50,573,41,1.4973992938970255
42,Bear_public_Valorie,w/o Context,0.6111111111111112,0.2268041237113402,0.3308270676691729,0.5895484105839718,0.33962893747987283,0.9775280898876404,0.02247191011235955,22,14,609,75,1.4973992938970255
42,Bear_public_Valorie,w/o Multi-scale Persistence,0.30092592592592593,0.6701030927835051,0.41533546325878595,0.8071850540285616,0.39911359172338723,0.7576243980738363,0.24237560192616373,65,151,472,32,1.4973992938970255
42,Bear_public_Valorie,Residual Only,0.30092592592592593,0.6701030927835051,0.41533546325878595,0.8071850540285616,0.39911359172338723,0.7576243980738363,0.24237560192616373,65,151,472,32,1.4973992938970255
42,Bear_public_Valorie,Equal Fusion,0.2966101694915254,0.7216494845360825,0.42042042042042044,0.7908027336962816,0.34827330069536544,0.7335473515248796,0.2664526484751204,70,166,457,27,1.4973992938970255
42,Hog_public_Gerard,Full TwinGuard-X v3,0.8333333333333334,0.5670103092783505,0.6748466257668712,0.8612053416292963,0.6684660554322093,0.9823434991974318,0.01765650080256822,55,11,612,42,2.136791030359352
42,Hog_public_Gerard,w/o Context,0.8571428571428571,0.061855670103092786,0.11538461538461539,0.554773212424087,0.20841179869489188,0.9983948635634029,0.0016051364365971107,6,1,622,91,2.136791030359352
42,Hog_public_Gerard,w/o Multi-scale Persistence,0.40106951871657753,0.7731958762886598,0.528169014084507,0.8585907894954576,0.6805013844958121,0.8202247191011236,0.1797752808988764,75,112,511,22,2.136791030359352
42,Hog_public_Gerard,Residual Only,0.40106951871657753,0.7731958762886598,0.528169014084507,0.8585907894954576,0.6805013844958121,0.8202247191011236,0.1797752808988764,75,112,511,22,2.136791030359352
42,Hog_public_Gerard,Equal Fusion,0.3933333333333333,0.6082474226804123,0.4777327935222672,0.8135394085816882,0.4261202135067702,0.8539325842696629,0.14606741573033707,59,91,532,38,2.136791030359352
43,Robin_public_Cami,Full TwinGuard-X v3,0.3333333333333333,0.6421052631578947,0.43884892086330934,0.75536,0.4446685987806924,0.8048,0.1952,61,122,503,34,1.33803730196628
43,Robin_public_Cami,w/o Context,0.10810810810810811,0.16842105263157894,0.13168724279835392,0.4406231578947368,0.12170279141926527,0.7888,0.2112,16,132,493,79,1.33803730196628
43,Robin_public_Cami,w/o Multi-scale Persistence,0.2980769230769231,0.6526315789473685,0.40924092409240925,0.7620884210526316,0.4339501035842105,0.7664,0.2336,62,146,479,33,1.33803730196628
43,Robin_public_Cami,Residual Only,0.2980769230769231,0.6526315789473685,0.40924092409240925,0.7620884210526316,0.4339501035842105,0.7664,0.2336,62,146,479,33,1.33803730196628
43,Robin_public_Cami,Equal Fusion,0.16317991631799164,0.4105263157894737,0.23353293413173654,0.6212715789473685,0.24583803153892475,0.68,0.32,39,200,425,56,1.33803730196628
43,Bear_public_Valorie,Full TwinGuard-X v3,0.5317460317460317,0.6907216494845361,0.600896860986547,0.8711919379126608,0.5177422464783346,0.9052969502407705,0.09470304975922954,67,59,564,30,1.422839960699374
43,Bear_public_Valorie,w/o Context,0.45454545454545453,0.25773195876288657,0.32894736842105265,0.6820506031672486,0.36181844717976763,0.9518459069020867,0.048154093097913325,25,30,593,72,1.422839960699374
43,Bear_public_Valorie,w/o Multi-scale Persistence,0.3201754385964912,0.7525773195876289,0.4492307692307692,0.8292101735864044,0.47303619768661453,0.7512038523274478,0.24879614767255218,73,155,468,24,1.422839960699374
43,Bear_public_Valorie,Residual Only,0.33653846153846156,0.7216494845360825,0.45901639344262296,0.8307822144263706,0.5012647558986705,0.7784911717495987,0.22150882825040127,70,138,485,27,1.422839960699374
43,Bear_public_Valorie,Equal Fusion,0.28820960698689957,0.6804123711340206,0.4049079754601227,0.8131257136238023,0.3785421157124747,0.7383627608346709,0.26163723916532905,66,163,460,31,1.422839960699374
43,Hog_public_Gerard,Full TwinGuard-X v3,0.7307692307692307,0.5876288659793815,0.6514285714285715,0.8659131902500372,0.6105875024672471,0.9662921348314607,0.033707865168539325,57,21,602,40,3.316799084764434
43,Hog_public_Gerard,w/o Context,0.0,0.0,0.0,0.5494779169631481,0.20427510624401535,1.0,0.0,0,0,623,97,3.316799084764434
43,Hog_public_Gerard,w/o Multi-scale Persistence,0.4797297297297297,0.7319587628865979,0.5795918367346938,0.86220648342738,0.5970792591651091,0.8764044943820225,0.12359550561797752,71,77,546,26,3.316799084764434
43,Hog_public_Gerard,Residual Only,0.4797297297297297,0.7319587628865979,0.5795918367346938,0.86220648342738,0.5970792591651091,0.8764044943820225,0.12359550561797752,71,77,546,26,3.316799084764434
43,Hog_public_Gerard,Equal Fusion,0.5098039215686274,0.26804123711340205,0.35135135135135137,0.8134401217917957,0.3999317257408492,0.9598715890850722,0.04012841091492777,26,25,598,71,3.316799084764434
44,Robin_public_Cami,Full TwinGuard-X v3,0.5393258426966292,0.5052631578947369,0.5217391304347826,0.8012463157894737,0.5240843937832363,0.9344,0.0656,48,41,584,47,3.49930057643698
44,Robin_public_Cami,w/o Multi-scale Persistence,0.5393258426966292,0.5052631578947369,0.5217391304347826,0.8012463157894737,0.5240843937832363,0.9344,0.0656,48,41,584,47,3.49930057643698
44,Robin_public_Cami,Residual Only,0.5393258426966292,0.5052631578947369,0.5217391304347826,0.8012463157894737,0.5240843937832363,0.9344,0.0656,48,41,584,47,3.49930057643698
44,Robin_public_Cami,Equal Fusion,0.5517241379310345,0.16842105263157894,0.25806451612903225,0.6288757894736842,0.2699342255165882,0.9792,0.0208,16,13,612,79,3.49930057643698
44,Bear_public_Valorie,Full TwinGuard-X v3,0.6170212765957447,0.5979381443298969,0.6073298429319371,0.8446575433138621,0.4946865433573268,0.942215088282504,0.05778491171749599,58,36,587,39,1.7167582525316918
44,Bear_public_Valorie,w/o Context,0.34615384615384615,0.09278350515463918,0.14634146341463414,0.6605550131554997,0.27371327598976897,0.9727126805778491,0.027287319422150885,9,17,606,88,1.7167582525316918
44,Bear_public_Valorie,w/o Multi-scale Persistence,0.2923076923076923,0.7835051546391752,0.4257703081232493,0.8099319885489236,0.5039947497238275,0.7046548956661316,0.2953451043338684,76,184,439,21,1.7167582525316918
44,Bear_public_Valorie,Residual Only,0.2952755905511811,0.7731958762886598,0.42735042735042733,0.8116529595737287,0.5105697066515306,0.7126805778491172,0.28731942215088285,75,179,444,22,1.7167582525316918
44,Bear_public_Valorie,Equal Fusion,0.3080357142857143,0.711340206185567,0.42990654205607476,0.8106435438764872,0.404996637930098,0.7512038523274478,0.24879614767255218,69,155,468,28,1.7167582525316918
44,Hog_public_Gerard,Full TwinGuard-X v3,0.7407407407407407,0.41237113402061853,0.5298013245033113,0.7209627509059918,0.5093978025980727,0.9775280898876404,0.02247191011235955,40,14,609,57,1.324907627483216
44,Hog_public_Gerard,w/o Context,0.5555555555555556,0.15463917525773196,0.24193548387096775,0.6389518624547005,0.2823974186866649,0.9807383627608347,0.019261637239165328,15,12,611,82,1.324907627483216
44,Hog_public_Gerard,w/o Multi-scale Persistence,0.19838056680161945,0.5051546391752577,0.28488372093023256,0.6204100544422564,0.47661455046275103,0.6821829855537721,0.31781701444622795,49,198,425,48,1.324907627483216
44,Hog_public_Gerard,Residual Only,0.2146341463414634,0.4536082474226804,0.2913907284768212,0.6103986364614188,0.4686500868304395,0.7415730337078652,0.25842696629213485,44,161,462,53,1.324907627483216
44,Hog_public_Gerard,Equal Fusion,0.22018348623853212,0.4948453608247423,0.3047619047619048,0.6774668630338733,0.3677010661357463,0.7271268057784912,0.27287319422150885,48,170,453,49,1.324907627483216
45,Robin_public_Cami,Full TwinGuard-X v3,0.49056603773584906,0.5473684210526316,0.5174129353233831,0.8072421052631578,0.46490152416264463,0.9136,0.0864,52,54,571,43,3.165919779818265
45,Robin_public_Cami,w/o Multi-scale Persistence,0.49056603773584906,0.5473684210526316,0.5174129353233831,0.8072421052631578,0.46490152416264463,0.9136,0.0864,52,54,571,43,3.165919779818265
45,Robin_public_Cami,Residual Only,0.49056603773584906,0.5473684210526316,0.5174129353233831,0.8072421052631578,0.46490152416264463,0.9136,0.0864,52,54,571,43,3.165919779818265
45,Robin_public_Cami,Equal Fusion,0.1891891891891892,0.14736842105263157,0.16568047337278108,0.6465852631578947,0.24748857729312845,0.904,0.096,14,60,565,81,3.165919779818265
45,Bear_public_Valorie,Full TwinGuard-X v3,0.6626506024096386,0.5670103092783505,0.6111111111111112,0.8371531167778127,0.5306074348175136,0.9550561797752809,0.0449438202247191,55,28,595,42,1.5544388286698174
45,Bear_public_Valorie,w/o Context,0.5714285714285714,0.20618556701030927,0.30303030303030304,0.6162813787625556,0.3140965884667335,0.9759229534510433,0.024077046548956663,20,15,608,77,1.5544388286698174
45,Bear_public_Valorie,w/o Multi-scale Persistence,0.3553299492385787,0.7216494845360825,0.47619047619047616,0.8270424120070824,0.4769576790964038,0.7961476725521669,0.20385232744783308,70,127,496,27,1.5544388286698174
45,Bear_public_Valorie,Residual Only,0.3553299492385787,0.7216494845360825,0.47619047619047616,0.8270424120070824,0.4769576790964038,0.7961476725521669,0.20385232744783308,70,127,496,27,1.5544388286698174
45,Bear_public_Valorie,Equal Fusion,0.2995391705069124,0.6701030927835051,0.4140127388535032,0.8011947510383743,0.3812815784262021,0.7560192616372392,0.24398073836276082,65,152,471,32,1.5544388286698174
45,Hog_public_Gerard,Full TwinGuard-X v3,0.6857142857142857,0.7422680412371134,0.7128712871287128,0.9085403187105956,0.6954458320097727,0.9470304975922953,0.052969502407704656,72,33,590,25,3.6267171988126177
45,Hog_public_Gerard,w/o Context,0.0,0.0,0.0,0.5197746189869438,0.19015871239929638,1.0,0.0,0,0,623,97,3.6267171988126177
45,Hog_public_Gerard,w/o Multi-scale Persistence,0.5555555555555556,0.7731958762886598,0.646551724137931,0.9104929589118167,0.6737179437860907,0.9036918138041734,0.09630818619582665,75,60,563,22,3.6267171988126177
45,Hog_public_Gerard,Residual Only,0.5555555555555556,0.7731958762886598,0.646551724137931,0.9104929589118167,0.6737179437860907,0.9036918138041734,0.09630818619582665,75,60,563,22,3.6267171988126177
45,Hog_public_Gerard,Equal Fusion,0.5365853658536586,0.2268041237113402,0.3188405797101449,0.8453773725405834,0.44333230751805586,0.9695024077046549,0.030497592295345103,22,19,604,75,3.6267171988126177
46,Robin_public_Cami,Full TwinGuard-X v3,0.42857142857142855,0.3473684210526316,0.38372093023255816,0.7165305263157894,0.3633204632694149,0.9296,0.0704,33,44,581,62,2.752813230328941
46,Robin_public_Cami,w/o Context,0.23076923076923078,0.18947368421052632,0.20809248554913296,0.5861894736842106,0.20057273245480092,0.904,0.096,18,60,565,77,2.752813230328941
46,Robin_public_Cami,w/o Multi-scale Persistence,0.3173076923076923,0.3473684210526316,0.3316582914572864,0.7234189473684212,0.35682281823324263,0.8864,0.1136,33,71,554,62,2.752813230328941
46,Robin_public_Cami,Residual Only,0.3655913978494624,0.35789473684210527,0.3617021276595745,0.725338947368421,0.3709475193530013,0.9056,0.0944,34,59,566,61,2.752813230328941
46,Robin_public_Cami,Equal Fusion,0.10884353741496598,0.16842105263157894,0.1322314049586777,0.5894905263157895,0.22879482278519897,0.7904,0.2096,16,131,494,79,2.752813230328941
46,Bear_public_Valorie,Full TwinGuard-X v3,0.5185185185185185,0.5773195876288659,0.5463414634146342,0.8226489715543347,0.47812838580663364,0.9165329052969502,0.08346709470304976,56,52,571,41,1.7303566186202008
46,Bear_public_Valorie,w/o Context,0.6551724137931034,0.1958762886597938,0.30158730158730157,0.5867187370720326,0.32254343228990867,0.9839486356340289,0.016051364365971106,19,10,613,78,1.7303566186202008
46,Bear_public_Valorie,w/o Multi-scale Persistence,0.2981651376146789,0.6701030927835051,0.4126984126984127,0.7669408085254257,0.43833052783736093,0.7544141252006421,0.24558587479935795,65,153,470,32,1.7303566186202008
46,Bear_public_Valorie,Residual Only,0.2981651376146789,0.6701030927835051,0.4126984126984127,0.7669408085254257,0.43833052783736093,0.7544141252006421,0.24558587479935795,65,153,470,32,1.7303566186202008
46,Bear_public_Valorie,Equal Fusion,0.29493087557603687,0.6597938144329897,0.40764331210191085,0.7836871804206451,0.3571509115141688,0.7544141252006421,0.24558587479935795,64,153,470,33,1.7303566186202008
46,Hog_public_Gerard,Full TwinGuard-X v3,0.67,0.6907216494845361,0.6802030456852792,0.8376660985255912,0.6584293997607993,0.9470304975922953,0.052969502407704656,67,33,590,30,3.325334765376331
46,Hog_public_Gerard,w/o Context,0.5384615384615384,0.07216494845360824,0.12727272727272726,0.44689811520577183,0.16144338625280508,0.9903691813804173,0.009630818619582664,7,6,617,90,3.325334765376331
46,Hog_public_Gerard,w/o Multi-scale Persistence,0.5289855072463768,0.7525773195876289,0.6212765957446809,0.8514338667240323,0.6313891323464786,0.8956661316211878,0.1043338683788122,73,65,558,24,3.325334765376331
46,Hog_public_Gerard,Residual Only,0.5289855072463768,0.7525773195876289,0.6212765957446809,0.8514338667240323,0.6313891323464786,0.8956661316211878,0.1043338683788122,73,65,558,24,3.325334765376331
46,Hog_public_Gerard,Equal Fusion,0.46,0.23711340206185566,0.3129251700680272,0.8040906157435752,0.4332707387512344,0.956661316211878,0.04333868378812199,23,27,596,74,3.325334765376331
